{"cameraMode":{"drawMode":0,"name":"Shaded","section":"Shading Mode"},"sceneLighting":false,"audioPlay":false,"sceneViewState":{"m_AlwaysRefresh":false,"showFog":true,"showSkybox":false,"showFlares":true,"showImageEffects":true,"showParticleSystems":true,"showVisualEffectGraphs":true,"m_FxEnabled":true},"in2DMode":false,"pivot":{"x":-0.03669114410877228,"y":-0.057124849408864978,"z":0.0030166939832270147},"rotation":{"x":-0.20325081050395966,"y":0.696492612361908,"z":-0.21694251894950868,"w":-0.6532508730888367},"size":0.2026570439338684,"orthographic":false}